UserId,Date,FAttacker1,FAttacker2,FAttacker3,FAttacker4,FSpecial1,FSpecial2,Formation,EAttacker1,EAttacker2,EAttacker3,EAttacker4,ESpecial1,ESpecial2,Result,Note,Title,Link,Bv,Check
NoData,2024-12-30,Yuuka,Tsurugi,Cherino,Marina,Nagisa,Shiroko(SS),进攻,Yuuka,Mutsuki(NY),Marina,Hanako(SS),Shiroko(SS),Ayane(SS),胜利,,,,,0
NoData,2024-12-30,Yuuka,Tsurugi,Cherino,Marina,Nagisa,Shiroko(SS),进攻,Yuuka,Mutsuki(NY),Hanako(SS),Marina,Shiroko(SS),Ayane(SS),胜利,,,,,0
NoData,2024-12-30,Midori,Miyako(SS),Yuuka,Tsurugi,Shiroko(SS),Yuzu(MD),进攻,Yuuka,Mutsuki(NY),Marina,Hanako(SS),Mashiro,Shiroko(SS),胜利,,,,,0
NoData,2024-12-30,Tsurugi,Yuuka,Marina,Mika,Shiroko(SS),Mashiro,进攻,Yuuka,Mutsuki(NY),Marina,Hanako(SS),Shiroko(SS),Ayane(SS),胜利,,,,,0
NoData,2024-12-30,Tsurugi,Yuuka,Hoshino,Mika,Mashiro,Shiroko(SS),进攻,Yuuka,Mutsuki(NY),Marina,Hanako(SS),Mashiro,Shiroko(SS),胜利,,,,,0
NoData,2024-12-30,Yuuka,Tsurugi,Hoshino,Atsuko,Mashiro,Utaha,进攻,Yuuka,Mutsuki(NY),Marina,Hanako(SS),Shiroko(SS),Mashiro,胜利,,,,,0
NoData,2024-12-30,Yuuka,Tsurugi,Hoshino,Neru(BY),Utaha,Mashiro,进攻,Yuuka,Mutsuki(NY),Marina,Hanako(SS),Shiroko(SS),Mashiro,胜利,,,,,0
NoData,2024-12-30,Akane,Junko,Yuuka,Hoshino,Utaha,Mashiro,进攻,Yuuka,Mutsuki(NY),Marina,Hanako(SS),Mashiro,Shiroko(SS),胜利,,,,,0
NoData,2024-12-30,Yuuka,Tsurugi,Cherino,Marina,Nagisa,Shiroko(SS),进攻,Yuuka,Mutsuki(NY),Marina,Hanako(SS),Shiroko(SS),Ayane(SS),胜利,,,,,0
NoData,2024-12-30,Iori,Mika,Marina,Tsurugi,Shiroko(SS),Mashiro,进攻,Mutsuki(NY),Miyako(SS),Hanako(SS),Marina,Shiroko(SS),Ayane(SS),胜利,,,,,0
NoData,2024-12-30,Tsurugi,Yuuka,Marina,Mika,Shiroko(SS),Mashiro,进攻,Mutsuki(NY),Yuuka,Marina,Hanako(SS),Shiroko(SS),Ayane(SS),胜利,,,,,0
NoData,2024-12-30,Yuuka,Tsurugi,Atsuko,Hoshino,Shiroko(SS),Nagisa,进攻,Yuuka,Mutsuki(NY),Hanako(SS),Marina,Mashiro,Shiroko(SS),胜利,,,,,0
NoData,2024-12-30,Yuuka,Tsurugi,Cherino,Marina,Nagisa,Shiroko(SS),进攻,Yuuka,Mutsuki(NY),Hanako(SS),Marina,Shiroko(SS),Ayane(SS),胜利,,,,,0
NoData,2024-12-30,Yuuka,Tsurugi,Hoshino,Cherino,Mashiro,Shiroko(SS),进攻,Yuuka,Mutsuki(NY),Hanako(SS),Marina,Mashiro,Shiroko(SS),胜利,,,,,0
NoData,2024-12-30,Yuuka,Tsurugi,Marina,Mika,Ayane(SS),Shiroko(SS),进攻,Yuuka,Mutsuki(NY),Hanako(SS),Tsubaki,Mashiro,Shiroko(SS),胜利,,,,,0
NoData,2024-12-30,Momoi,Junko,Tsurugi,Yuuka,Mashiro,Shiroko(SS),进攻,Miyako(SS),Mutsuki(NY),Hanako(SS),Marina,Mashiro,Shiroko(SS),胜利,,,,,0
NoData,2024-12-30,Iori,Momoi,Tsurugi,Yuuka,Mashiro,Shiroko(SS),进攻,Miyako(SS),Mutsuki(NY),Hanako(SS),Marina,Mashiro,Shiroko(SS),胜利,,,,,0
NoData,2024-12-30,Junko,Momoi,Yuuka,Tsurugi,Mashiro,Shiroko(SS),进攻,Miyako(SS),Mutsuki(NY),Hanako(SS),Marina,Mashiro,Shiroko(SS),胜利,,,,,0
NoData,2024-12-31,Midori,Yuuka,Miyako(SS),Tsurugi,Mashiro(SS),Shiroko(SS),进攻,Hanako(SS),Yuuka,Atsuko,Mutsuki(NY),Mashiro,Shiroko(SS),胜利,,,,,0
NoData,2024-12-31,Tsurugi,Yuuka,Marina,Mika,Shiroko(SS),Mashiro,进攻,Yuuka,Hanako(SS),Marina,Mutsuki(NY),Shiroko(SS),Ayane(SS),胜利,,,,,0
NoData,2024-12-31,Tsurugi,Yuuka,Mika,Marina,Mashiro,Shiroko(SS),进攻,Yuuka,Hanako(SS),Marina,Mutsuki(NY),Shiroko(SS),Ayane(SS),胜利,,,,,0
NoData,2024-12-31,Midori,Yuuka,Hoshino,Tsurugi,Mashiro,Shiroko(SS),进攻,Yuuka,Hanako(SS),Marina,Mutsuki(NY),Shiroko(SS),Mashiro,胜利,,,,,0
NoData,2024-12-31,Marina,Yuuka,Shun,Hanako(SS),Mashiro,Shiroko(SS),进攻,Yuuka,Hanako(SS),Marina,Shun,Shiroko(SS),Ayane(SS),胜利,,,,,0
NoData,2024-12-31,Shun,Mika,Marina,Mutsuki(NY),Ayane(SS),Shiroko(SS),进攻,Yuuka,Hanako(SS),Shun,Tsubaki,Ayane(SS),Shiroko(SS),胜利,,,,,0
NoData,2024-12-31,Haruna(NY),Yuuka,Shun,Marina,Mashiro,Shiroko(SS),进攻,Shun,Yuuka,Hanako(SS),Marina,Shiroko(SS),Ayane(SS),胜利,,,,,0
NoData,2024-12-31,Haruna(NY),Atsuko,Shun,Yuuka,Mashiro(SS),Shiroko(SS),进攻,Yuuka,Shun,Hanako(SS),Marina,Mashiro,Shiroko(SS),胜利,,,,,0
NoData,2024-12-31,Yuuka,Mutsuki(NY),Miyako(SS),Tsurugi,Mashiro,Shiroko(SS),进攻,Yuuka,Shun,Hanako(SS),Marina,Shiroko(SS),Mashiro,胜利,,,,,0
NoData,2024-12-31,Haruna(NY),Neru(BY),Shun,Yuuka,Shiroko(SS),Mashiro,进攻,Yuuka,Shun,Hanako(SS),Marina,Mashiro,Shiroko(SS),胜利,,,,,0
NoData,2024-12-31,Iori,Shun,Tsurugi,Yuuka,Shiroko(SS),Mashiro,进攻,Yuuka,Shun,Hanako(SS),Marina,Shiroko(SS),Mashiro,胜利,,,,,0
NoData,2024-12-31,Yuuka,Tsubaki,Mine,Tsurugi,Mashiro,Shiroko(SS),进攻,Yuuka,Shun,Hanako(SS),Marina,Shiroko(SS),Mashiro,胜利,,,,,0
NoData,2024-12-31,Yuuka,Shun,Hanako(SS),Marina,Shiroko(SS),Mashiro,进攻,Shun,Hoshino,Cherino,Yuuka,Shiroko(SS),Minori,胜利,,,,,0
NoData,2024-12-31,Yuuka,Shun,Hanako(SS),Marina,Minori,Shiroko(SS),进攻,Mutsuki(NY),Yuuka,Akane,Marina,Shiroko(SS),Mashiro,胜利,,,,,0
NoData,2024-12-31,Hanako(SS),Yuuka,Akane,Atsuko,Shiroko(SS),Mashiro,进攻,Yuuka,Shun,Hanako(SS),Marina,Shiroko(SS),Mashiro,胜利,,,,,0
NoData,2024-12-31,Yuuka,Atsuko,Hoshino,Tsurugi,Mashiro,Shiroko(SS),进攻,Yuuka,Shun,Hanako(SS),Marina,Shiroko(SS),Mashiro,胜利,,,,,0
NoData,2024-12-31,Yuuka,Hoshino,Mutsuki(NY),Shun,Nagisa,Shiroko(SS),进攻,Yuuka,Shun,Marina,Hanako(SS),Shiroko(SS),Mashiro,胜利,,,,,0
NoData,2024-12-31,Haruna(NY),Yuuka,Shun,Marina,Shiroko(SS),Nagisa,进攻,Yuuka,Shun,Marina,Hanako(SS),Ayane(SS),Shiroko(SS),胜利,,,,,0
NoData,2024-12-31,Midori,Yuuka,Mutsuki(NY),Marina,Mashiro,Shiroko(SS),进攻,Tsubaki,Shun,Marina,Hanako(SS),Ayane(SS),Shiroko(SS),胜利,,,,,0
NoData,2024-12-31,Marina,Atsuko,Tsurugi,Yuuka,Nagisa,Mashiro,进攻,Yuuka,Shun,Marina,Hanako(SS),Shiroko(SS),Ayane(SS),胜利,,,,,0
NoData,2024-12-31,Atsuko,Yuuka,Hoshino,Neru(BY),Shiroko(SS),Mashiro(SS),进攻,Yuuka,Atsuko,Hanako(SS),Shun,Shiroko(SS),Nagisa,胜利,,,,,0
NoData,2024-12-31,Yuuka,Atsuko,Neru(BY),Hoshino,Shiroko(SS),Mashiro(SS),进攻,Yuuka,Atsuko,Hanako(SS),Shun,Shiroko(SS),Nagisa,胜利,,,,,0
NoData,2024-12-31,Marina,Tsurugi,Hanako(SS),Mika,Nagisa,Shiroko(SS),进攻,Yuuka,Shun,Marina,Mutsuki(NY),Ayane(SS),Shiroko(SS),胜利,,,,,0
NoData,2024-12-31,Atsuko,Tsurugi,Mutsuki(NY),Marina,Nagisa,Mashiro,进攻,Mutsuki(NY),Yuuka,Shun,Marina,Ayane(SS),Mashiro,胜利,,,,,0
NoData,2024-12-31,Atsuko,Marina,Shun,Mutsuki(NY),Shiroko(SS),Mashiro,进攻,Mutsuki(NY),Yuuka,Shun,Marina,Ayane(SS),Shiroko(SS),胜利,,,,,0
NoData,2024-12-31,Megu,Atsuko,Tsurugi,Marina,Mashiro,Ayane(SS),进攻,Shun,Yuuka,Atsuko,Mutsuki(NY),Nagisa,Hibiki,胜利,,,,,0
NoData,2024-12-31,Atsuko,Yuuka,Tsurugi,Marina,Nagisa,Ayane(SS),进攻,Shun,Yuuka,Tsubaki,Mutsuki(NY),Ayane(SS),Mashiro,胜利,,,,,0
NoData,2024-12-31,Yuuka,Tsurugi,Hanako(SS),Marina,Mashiro,Shiroko(SS),进攻,Shun,Yuuka,Marina,Mutsuki(NY),Shiroko(SS),Mashiro,胜利,,,,,0
NoData,2024-12-31,Tsurugi,Yuuka,Megu,Atsuko,Ayane(SS),Shiroko(SS),进攻,Shun,Yuuka,Mutsuki(NY),Marina,Mashiro,Shiroko(SS),胜利,,,,,0
NoData,2024-12-31,Marina,Tsurugi,Iori,Yuuka,Mashiro,Nagisa,进攻,Shun,Tsubaki,Mutsuki(NY),Yuuka,Mashiro(SS),Nagisa,胜利,,,,,0
NoData,2024-12-31,Yuuka,Hoshino,Tsurugi,Marina,Ayane(SS),Mashiro(SS),进攻,Yuuka,Shun,Mutsuki(NY),Marina,Mashiro(SS),Ayane(SS),胜利,,,,,0
NoData,2024-12-31,Marina,Tsurugi,Hanako(SS),Mika,Nagisa,Shiroko(SS),进攻,Yuuka,Shun,Mutsuki(NY),Marina,Ayane(SS),Shiroko(SS),胜利,,,,,0
NoData,2024-12-31,Yuuka,Tsurugi,Haruna(NY),Tsubaki,Mashiro(SS),Nagisa,进攻,Yuuka,Shun,Mutsuki(NY),Marina,Ayane(SS),Mashiro,胜利,,,,,0
NoData,2024-12-31,Mika,Yuuka,Tsurugi,Tsubaki,Mashiro,Utaha,进攻,Yuuka,Shun,Marina,Mutsuki(NY),Mashiro,Ayane(SS),胜利,,,,,0
NoData,2024-12-31,Mutsuki(NY),Mika,Yuuka,Marina,Mashiro,Shiroko(SS),进攻,Yuuka,Shun,Marina,Mutsuki(NY),Ayane(SS),Shiroko(SS),胜利,,,,,0
NoData,2024-12-31,Iori,Yuuka,Tsurugi,Marina,Mashiro,Serina,进攻,Yuuka,Shun,Eimi,Mutsuki(NY),Serina,Nagisa,胜利,,,,,0
NoData,2024-12-31,Atsuko,Yuuka,Tsurugi,Marina,Nagisa,Mashiro,进攻,Yuuka,Shun,Marina,Mutsuki(NY),Shiroko(SS),Mashiro,胜利,,,,,0
NoData,2024-12-31,Atsuko,Tsurugi,Hanako(SS),Yuuka,Mashiro,Shiroko(SS),进攻,Yuuka,Shun,Marina,Mutsuki(NY),Shiroko(SS),Mashiro,胜利,,,,,0
NoData,2024-12-31,Yuuka,Miyako(SS),Tsurugi,Junko,Shiroko(SS),Mashiro,进攻,Yuuka,Shun,Marina,Mutsuki(NY),Shiroko(SS),Mashiro,胜利,,,,,0
NoData,2024-12-31,Megu,Tsurugi,Marina,Mika,Ayane(SS),Mashiro,进攻,Yuuka,Shun,Mutsuki(NY),Marina,Ayane(SS),Mashiro(SS),胜利,,,,,0
NoData,2024-12-31,Megu,Tsurugi,Marina,Yuuka,Ayane(SS),Mashiro(SS),进攻,Yuuka,Shun,Marina,Mutsuki(NY),Mashiro(SS),Ayane(SS),胜利,,,,,0
NoData,2024-12-31,Megu,Tsurugi,Atsuko,Yuuka,Mashiro,Nagisa,进攻,Neru(BY),Shun,Marina,Mutsuki(NY),Mashiro,Ayane(SS),胜利,,,,,0
NoData,2024-12-31,Megu,Tsurugi,Atsuko,Mika,Mashiro,Ayane(SS),进攻,Neru(BY),Shun,Marina,Mutsuki(NY),Mashiro,Ayane(SS),胜利,,,,,0
NoData,2024-12-31,Megu,Tsurugi,Atsuko,Hoshino,Mashiro,Ayane(SS),进攻,Neru(BY),Shun,Marina,Mutsuki(NY),Mashiro,Ayane(SS),胜利,,,,,0
NoData,2024-12-31,Megu,Atsuko,Tsurugi,Yuuka,Ayane(SS),Mashiro,进攻,Tsubaki,Shun,Marina,Mutsuki(NY),Mashiro(SS),Ayane(SS),胜利,,,,,0
NoData,2024-12-31,Neru(BY),Marina,Tsurugi,Megu,Ayane(SS),Mashiro,进攻,Yuuka,Shun,Tsubaki,Mutsuki(NY),Ayane(SS),Mashiro(SS),胜利,,,,,0
NoData,2024-12-31,Hoshino,Mutsuki(NY),Marina,Shun,Ayane(SS),Mashiro,进攻,Neru(BY),Mutsuki(NY),Shun,Marina,Mashiro(SS),Ayane(SS),胜利,,,,,0
NoData,2024-12-31,Atsuko,Tsurugi,Yuuka,Midori,Mashiro,Serina,进攻,Yuuka,Mutsuki(NY),Shun,Tsubaki,Ayane(SS),Mashiro(SS),胜利,,,,,0
NoData,2024-12-31,Iori,Marina,Atsuko,Tsurugi,Ayane(SS),Mashiro(SS),进攻,Yuuka,Mutsuki(NY),Tsubaki,Shun,Ayane(SS),Utaha,胜利,,,,,0
NoData,2024-12-31,Mika,Tsurugi,Yuuka,Hoshino,Mashiro,Shiroko(SS),进攻,Yuuka,Mutsuki(NY),Shun,Marina,Shiroko(SS),Mashiro,胜利,,,,,0
NoData,2024-12-31,Mika,Tsurugi,Yuuka,Hoshino,Mashiro,Shiroko(SS),进攻,Yuuka,Mutsuki(NY),Shun,Marina,Shiroko(SS),Mashiro,胜利,,,,,0
NoData,2024-12-31,Tsurugi,Megu,Yuuka,Marina,Ayane(SS),Mashiro(SS),进攻,Neru(BY),Mutsuki(NY),Shun,Marina,Mashiro(SS),Ayane(SS),胜利,,,,,0
NoData,2024-12-31,Marina,Tsurugi,Mutsuki(NY),Yuuka,Mashiro,Ayane(SS),进攻,Yuuka,Mutsuki(NY),Marina,Shun,Mashiro(SS),Ayane(SS),胜利,,,,,0
NoData,2024-12-31,Iori(SS),Yuuka,Tsubaki,Tsurugi,Mashiro,Ayane(SS),进攻,Yuuka,Mutsuki(NY),Shun,Marina,Mashiro,Ayane(SS),胜利,,,,,0
NoData,2024-12-31,Marina,Tsurugi,Hoshino,Yuuka,Ayane(SS),Mashiro,进攻,Neru(BY),Mutsuki(NY),Marina,Shun,Ayane(SS),Ayane(SS),胜利,,,,,0
NoData,2024-12-31,Yuuka,Hoshino,Mika,Tsurugi,Shiroko(SS),Mashiro,进攻,Yuuka,Mutsuki(NY),Shun,Marina,Mashiro,Shiroko(SS),胜利,,,,,0
NoData,2024-12-31,Mika,Shun,Marina,Yuuka,Nagisa,Mashiro,进攻,Yuuka,Marina,Shun,Haruna(NY),Iroha,Nagisa,胜利,,,,,0
NoData,2024-12-31,Shun,Kotori(CR),Yuuka,Atsuko,Mashiro,Shiroko(SS),进攻,Haruna(NY),Yuuka,Shun,Marina,Mashiro,Shiroko(SS),胜利,,,,,0
NoData,2024-12-31,Shun,Hina(SS),Marina,Atsuko,Mashiro,Shiroko(SS),进攻,Haruna(NY),Yuuka,Shun,Marina,Shiroko(SS),Ayane(SS),胜利,,,,,0
NoData,2024-12-31,Yuuka,Mutsuki(NY),Shun,Marina,Mashiro(SS),Shiroko(SS),进攻,Yuuka,Haruna(NY),Marina,Shun,Ayane(SS),Shiroko(SS),胜利,,,,,0
NoData,2024-12-31,Yuuka,Hanako(SS),Atsuko,Tsurugi,Ayane(SS),Shiroko(SS),进攻,Yuuka,Haruna(NY),Shun,Tsubaki,Shiroko(SS),Nagisa,胜利,,,,,0
NoData,2024-12-31,Neru(BY),Yuuka,Tsurugi,Marina,Ayane(SS),Mashiro(SS),进攻,Yuuka,Shun,Haruna(NY),Marina,Mashiro(SS),Ayane(SS),胜利,,,,,0
NoData,2024-12-31,Neru(BY),Yuuka,Tsurugi,Marina,Ayane(SS),Mashiro,进攻,Yuuka,Shun,Marina,Haruna(NY),Mashiro,Mashiro(SS),胜利,,,,,0
NoData,2024-12-31,Neru(BY),Yuuka,Tsurugi,Atsuko,Mashiro,Mashiro(SS),进攻,Yuuka,Shun,Marina,Haruna(NY),Shiroko(SS),Nagisa,胜利,,,,,0
NoData,2024-12-31,Yuuka,Atsuko,Mutsuki(NY),Tsurugi,Utaha,Shiroko(SS),进攻,Yuuka,Shun,Haruna(NY),Tsubaki,Shiroko(SS),Ayane(SS),胜利,,,,,0
NoData,2024-12-31,Miyako(SS),Atsuko,Kotori(CR),Shun,Minori,Shiroko(SS),进攻,Yuuka,Shun,Marina,Haruna(NY),Shiroko(SS),Ayane(SS),胜利,,,,,0
NoData,2024-12-31,Megu,Tsurugi,Yuuka,Marina,Yuuka,Mashiro(SS),进攻,Yuuka,Shun,Haruna(NY),Marina,Mashiro(SS),Ayane(SS),胜利,,,,,0
NoData,2024-12-31,Neru(BY),Yuuka,Tsurugi,Megu,Ayane(SS),Utaha,进攻,Yuuka,Shun,Tsubaki,Haruna(NY),Ayane(SS),Mashiro(SS),胜利,,,,,0
NoData,2024-12-31,Marina,Neru(BY),Yuuka,Megu,Ayane(SS),Utaha,进攻,Yuuka,Shun,Tsubaki,Haruna(NY),Ayane(SS),Mashiro(SS),胜利,,,,,0
NoData,2024-12-31,Tsubaki,Atsuko,Yuuka,Neru(BY),Shiroko(SS),Serina,进攻,Yuuka,Atsuko,Shun,Haruna(NY),Shiroko(SS),Nagisa,胜利,,,,,0
NoData,2024-12-31,Tsubaki,Atsuko,Yuuka(SW),Neru(BY),Shiroko(SS),Mashiro(SS),进攻,Yuuka,Atsuko,Shun,Haruna(NY),Shiroko(SS),Nagisa,胜利,,,,,0
NoData,2025-01-01,Shun,Yuuka,Momoi,Midori,Mashiro,Shiroko(SS),进攻,Yuuka,Tsurugi,Marina,Iori,Nagisa,Shiroko(SS),胜利,,,,,0
NoData,2025-01-01,Shun,Yuuka,Momoi,Midori,Shiroko(SS),Mashiro,进攻,Yuuka,Tsurugi,Hanako(SS),Marina,Shiroko(SS),Minori,胜利,,,,,0
NoData,2025-01-01,Hoshino,Yuuka,Midori,Shun,Shiroko(SS),Mashiro,进攻,Yuuka,Tsurugi,Marina,Hanako(SS),Shiroko(SS),Minori,胜利,,,,,0
NoData,2025-01-01,Hoshino,Yuuka,Midori,Shun,Shiroko(SS),Mashiro,进攻,Yuuka,Tsurugi,Hanako(SS),Marina,Shiroko(SS),Minori,胜利,,,,,0
NoData,2025-01-01,Hoshino,Tsurugi,Shun,Yuuka,Mashiro,Ayane(SS),进攻,Yuuka,Hanako(SS),Tsurugi,Marina,Mashiro,Shiroko(SS),胜利,,,,,0
NoData,2025-01-01,Hoshino,Tsurugi,Shun,Yuuka,Ayane(SS),Mashiro,进攻,Yuuka,Tsurugi,Hanako(SS),Marina,Shiroko(SS),Mashiro,胜利,,,,,0
NoData,2025-01-01,Shun,Yuuka,Momoi,Midori,Shiroko(SS),Mashiro,进攻,Yuuka,Tsurugi,Hanako(SS),Marina,Shiroko(SS),Minori,胜利,,,,,0
NoData,2025-01-01,Haruna(NY),Yuuka,Tsurugi,Marina,Shiroko(SS),Nagisa,进攻,Yuuka,Hanako(SS),Mika,Tsurugi,Shiroko(SS),Nagisa,胜利,,,,,0
NoData,2025-01-01,Hoshino,Tsurugi,Shun,Yuuka,Mashiro,Ayane(SS),进攻,Yuuka,Hanako(SS),Tsurugi,Marina,Mashiro,Shiroko(SS),胜利,,,,,0
NoData,2025-01-01,Yuuka,Cherino,Marina,Neru(BY),Nodoka(HS),Shiroko(SS),进攻,Yuuka,Hanako(SS),Tsurugi,Marina,Mashiro,Shiroko(SS),胜利,,,,,0
NoData,2025-01-01,Yuuka,Momoi,Atsuko,Tsurugi,Shiroko(SS),Mashiro,进攻,Yuuka,Hanako(SS),Tsurugi,Marina,Shiroko(SS),Mashiro,胜利,,,,,0
NoData,2025-01-01,Yuuka,Miyako(SS),Hoshino,Tsurugi,Shiroko(SS),Mashiro,进攻,Yuuka,Tsurugi,Hanako(SS),Marina,Shiroko(SS),Minori,胜利,,,,,0
NoData,2025-01-01,Iori,Yuuka,Tsurugi,Atsuko,Shiroko(SS),Mashiro,进攻,Yuuka,Marina,Hanako(SS),Tsurugi,Shiroko(SS),Mashiro,胜利,,,,,0
NoData,2025-01-01,Tsubaki,Hoshino,Yuuka,Shun,Shiroko(SS),Minori,进攻,Tsurugi,Yuuka,Hanako(SS),Shun,Shiroko(SS),Minori,胜利,,,,,0
NoData,2025-01-01,Atsuko,Hoshino,Yuuka,Shun,Mashiro,Minori,进攻,Yuuka,Tsurugi,Marina,Hanako(SS),Shiroko(SS),Minori,胜利,,,,,0
NoData,2025-01-01,Yuuka,Miyako(SS),Shun,Iori,Shiroko(SS),Mashiro,进攻,Yuuka,Tsurugi,Marina,Hanako(SS),Shiroko(SS),Mashiro,胜利,,,,,0
NoData,2025-01-01,Yuuka,Miyako(SS),Shun,Iori,Shiroko(SS),Mashiro,进攻,Yuuka,Tsurugi,Marina,Hanako(SS),Shiroko(SS),Mashiro,胜利,,,,,0
NoData,2025-01-01,Yuuka,Miyako(SS),Shun,Iori,Shiroko(SS),Mashiro,进攻,Yuuka,Tsurugi,Marina,Hanako(SS),Shiroko(SS),Mashiro,胜利,,,,,0
NoData,2025-01-01,Atsuko,Hoshino,Tsurugi,Marina,Shiroko(SS),Ayane(SS),进攻,Yuuka,Tsurugi,Atsuko,Hanako(SS),Minori,Nagisa,胜利,,,,,0
NoData,2025-01-01,Yuuka,Cherino,Marina,Shun,Mashiro(SS),Ayane(SS),进攻,Yuuka,Tsurugi,Marina,Mutsuki(NY),Ayane(SS),Mashiro(SS),胜利,,,,,0
NoData,2025-01-01,Hanako(SS),Hoshino,Yuuka,Tsurugi,Nagisa,Shiroko(SS),进攻,Mutsuki(NY),Tsurugi,Yuuka,Marina,Shiroko(SS),Yuzu(MD),胜利,,,,,0
NoData,2025-01-01,Tsurugi,Mika,Yuuka,Atsuko,Mashiro,Shiroko(SS),进攻,Yuuka,Mutsuki(NY),Marina,Tsurugi,Shiroko(SS),Yuzu(MD),胜利,,,,,0
NoData,2025-01-01,Yuuka,Tsurugi,Iori,Momoi,Mashiro,Shiroko(SS),进攻,Miyako(SS),Mutsuki(NY),Marina,Tsurugi,Mashiro,Shiroko(SS),胜利,,,,,0
NoData,2025-01-01,Yuuka,Hoshino,Tsurugi,Marina,Shiroko(SS),Ayane(SS),进攻,Yuuka,Mutsuki(NY),Tsurugi,Atsuko,Shiroko(SS),Mashiro,胜利,,,,,0
NoData,2025-01-01,Hoshino,Atsuko,Yuuka,Tsurugi,Shiroko(SS),Mashiro,进攻,Yuuka,Mutsuki(NY),Tsurugi,Marina,Yuzu(MD),Shiroko(SS),胜利,,,,,0
NoData,2025-01-01,Yuzu(MD),Yuuka,Atsuko,Marina,Mashiro,Shiroko(SS),进攻,Yuuka,Mutsuki(NY),Tsurugi,Marina,Yuzu(MD),Shiroko(SS),胜利,,,,,0
NoData,2025-01-01,Yuuka,Tsubaki,Mutsuki(NY),Tsurugi,Iroha,Utaha,进攻,Yuuka,Atsuko,Marina,Tsubaki,Mashiro,Iroha,胜利,,,,,0
NoData,2025-01-01,Marina,Atsuko,Yuuka,Shun,Iroha,Utaha,进攻,Yuuka,Atsuko,Marina,Tsubaki,Mashiro(SS),Ayane(SS),胜利,,,,,0
NoData,2025-01-01,Marina,Atsuko,Yuuka,Shun,Utaha,Iroha,进攻,Yuuka,Atsuko,Atsuko,Tsubaki,Mashiro(SS),Ayane(SS),胜利,,,,,0
NoData,2025-01-01,Yuuka,Atsuko,Shun,Marina,Mashiro,Iroha,进攻,Atsuko,Yuuka,Tsubaki,Marina,Mashiro,Ayane(SS),胜利,,,,,0
NoData,2025-01-01,Marina,Atsuko,Eimi,Yuuka,Iroha,Mashiro,进攻,Yuuka,Atsuko,Marina,Tsubaki,Mashiro(SS),Ayane(SS),胜利,,,,,0
NoData,2025-01-01,Iori,Yuuka,Marina,Tsurugi,Utaha,Mashiro,进攻,Hoshino,Yuuka,Mika,Tsubaki,Iroha,Nagisa,胜利,,,,,0
NoData,2025-01-01,Junko,Marina,Tsurugi,Yuuka,Mashiro,Utaha,进攻,Yuuka,Atsuko,Marina,Tsubaki,Iroha,Mashiro,胜利,,,,,0
NoData,2025-01-01,Iori,Yuuka,Tsurugi,Marina,Mashiro,Utaha,进攻,Yuuka,Atsuko,Marina,Tsubaki,Mashiro,Iroha,胜利,,,,,0
NoData,2025-01-01,Yuuka,Atsuko,Tsubaki,Shun,Mashiro,Mashiro(SS),进攻,Yuuka,Atsuko,Tsurugi,Marina,Nagisa,Mashiro,胜利,,,,,0
NoData,2025-01-01,Yuuka,Atsuko,Tsubaki,Shun,Mashiro,Mashiro(SS),进攻,Yuuka,Atsuko,Marina,Tsurugi,Nagisa,Mashiro,胜利,,,,,0
NoData,2025-01-01,Mika,Shun,Tsurugi,Tsubaki,Mashiro,Mashiro(SS),进攻,Yuuka,Atsuko,Tsurugi,Marina,Yuzu(MD),Mashiro,胜利,,,,,0
NoData,2025-01-01,Iori,Shun,Tsurugi,Tsubaki,Mashiro(SS),Yuzu(MD),进攻,Yuuka,Atsuko,Tsurugi,Marina,Yuzu(MD),Mashiro,胜利,,,,,0
NoData,2025-01-01,Atsuko,Atsuko,Tsurugi,Aru,Ayane(SS),Shiroko(SS),进攻,Yuuka,Marina,Tsurugi,Atsuko,Shiroko(SS),Yuzu(MD),胜利,,,,,0
NoData,2025-01-01,Mika,Yuuka,Tsurugi,Aru,Shiroko(SS),Mashiro,进攻,Yuuka,Marina,Tsurugi,Atsuko,Shiroko(SS),Yuzu(MD),胜利,,,,,0
NoData,2025-01-01,Tsubaki,Shun,Yuuka,Mika,Mashiro,Ayane(SS),进攻,Yuuka,Tsurugi,Atsuko,Marina,Ayane(SS),Yuzu(MD),胜利,,,,,0
NoData,2025-01-01,Megu,Haruna(NY),Tsurugi,Hoshino,Shiroko(SS),Mashiro,进攻,Yuuka,Tsurugi,Hoshino,Marina,Yuzu(MD),Shiroko(SS),胜利,,,,,0
NoData,2025-01-01,Yuuka,Akane,Atsuko,Azusa(SS),Mashiro(SS),Shiroko(SS),进攻,Yuuka,Tsurugi,Atsuko,Marina,Shiroko(SS),Yuzu(MD),胜利,,,,,0
NoData,2025-01-01,Tsurugi,Mutsuki(NY),Tsubaki,Yuuka,Iroha,Serina,进攻,Yuuka,Tsubaki,Marina,Shun,Mashiro,Iroha,胜利,,,,,0
NoData,2025-01-01,Tsurugi,Mutsuki(NY),Tsubaki,Yuuka,Iroha,Utaha,进攻,Yuuka,Tsubaki,Marina,Shun,Iroha,Mashiro,胜利,,,,,0
NoData,2025-01-01,Haruna(NY),Yuuka,Atsuko,Tsurugi,Ayane(SS),Shiroko(SS),进攻,Yuuka,Atsuko,Hanako(SS),Marina,Shiroko(SS),Nagisa,胜利,,,,,0
NoData,2025-01-01,Iori,Marina,Atsuko,Tsurugi,Shiroko(SS),Yuzu(MD),进攻,Yuuka,Atsuko,Marina,Hanako(SS),Shiroko(SS),Ayane(SS),胜利,,,,,0
NoData,2025-01-01,Haruna(NY),Tsurugi,Marina,Yuuka,Shiroko(SS),Hinata(SS),进攻,Yuuka,Mika,Marina,Hanako(SS),Nagisa,Shiroko(SS),胜利,,,,,0
NoData,2025-01-01,Hanako(SS),Atsuko,Yuuka,Tsurugi,Shiroko(SS),Mashiro,进攻,Yuuka,Atsuko,Hanako(SS),Marina,Shiroko(SS),Nagisa,胜利,,,,,0
NoData,2025-01-01,Hoshino,Tsurugi,Yuuka,Hanako(SS),Shiroko(SS),Mashiro,进攻,Mutsuki(NY),Yuuka,Marina,Atsuko,Mashiro,Shiroko(SS),胜利,,,,,0
NoData,2025-01-01,Yuuka,Tsurugi,Marina,Hanako(SS),Shiroko(SS),Mashiro,进攻,Yuuka,Mutsuki(NY),Marina,Atsuko,Shiroko(SS),Ayane(SS),胜利,,,,,0
NoData,2025-01-01,Yuuka,Tsurugi,Hanako(SS),Marina,Shiroko(SS),Mashiro,进攻,Yuuka,Atsuko,Mutsuki(NY),Marina,Ayane(SS),Mashiro(SS),胜利,,,,,0
NoData,2025-01-01,Hoshino,Tsurugi,Hanako(SS),Yuuka,Shiroko(SS),Mashiro,进攻,Yuuka,Atsuko,Marina,Mutsuki(NY),Shiroko(SS),Mashiro,胜利,,,,,0
NoData,2025-01-01,Yuuka,Tsurugi,Mutsuki(NY),Marina,Shiroko(SS),Mashiro,进攻,Yuuka,Marina,Atsuko,Mutsuki(NY),Ayane(SS),Shiroko(SS),胜利,,,,,0
NoData,2025-01-01,Hoshino,Tsurugi,Hanako(SS),Yuuka,Shiroko(SS),Mashiro,进攻,Yuuka,Atsuko,Mutsuki(NY),Marina,Mashiro,Shiroko(SS),胜利,,,,,0
NoData,2025-01-01,Marina,Tsurugi,Hanako(SS),Mika,Shiroko(SS),Mashiro,进攻,Mutsuki(NY),Yuuka,Marina,Atsuko,Ayane(SS),Shiroko(SS),胜利,,,,,0
NoData,2025-01-01,Yuuka,Tsurugi,Hoshino,Hanako(SS),Shiroko(SS),Mashiro,进攻,Yuuka,Mutsuki(NY),Marina,Atsuko,Shiroko(SS),Mashiro,胜利,,,,,0
NoData,2025-01-01,Yuuka,Midori,Momoi,Marina,Mashiro,Shiroko(SS),进攻,Yuuka,Atsuko,Marina,Mutsuki(NY),Shiroko(SS),Ayane(SS),胜利,,,,,0
NoData,2025-01-01,Yuuka,Atsuko,Momoi,Miyako(SS),Mashiro,Shiroko(SS),进攻,Yuuka,Atsuko,Mutsuki(NY),Marina,Shiroko(SS),Mashiro,胜利,,,,,0
NoData,2025-01-01,Shun,Junko,Atsuko,Miyako(SS),Shiroko(SS),Mashiro,进攻,Mutsuki(NY),Atsuko,Marina,Yuuka,Shiroko(SS),Mashiro,胜利,,,,,0
NoData,2025-01-01,Marina,Junko,Hoshino,Tsurugi,Shiroko(SS),Mashiro,进攻,Mutsuki(NY),Yuuka,Marina,Atsuko,Shiroko(SS),Ayane(SS),胜利,,,,,0
NoData,2025-01-01,Hoshino,Yuuka,Tsurugi,Junko,Shiroko(SS),Nagisa,进攻,Mutsuki(NY),Yuuka,Marina,Atsuko,Shiroko(SS),Mashiro,胜利,,,,,0
NoData,2025-01-01,Iori,Atsuko,Yuuka,Tsurugi,Mashiro,Shiroko(SS),进攻,Yuuka,Mutsuki(NY),Atsuko,Marina,Shiroko(SS),Mashiro,胜利,,,,,0
NoData,2025-01-01,Mika,Tsubaki,Atsuko,Tsurugi,Ayane(SS),Yuzu(MD),进攻,Yuuka,Mutsuki(NY),Marina,Atsuko,Yuzu(MD),Ayane(SS),胜利,,,,,0
NoData,2025-01-01,Yuuka,Mutsuki(NY),Marina,Atsuko,Shiroko(SS),Nagisa,进攻,Yuuka,Tsurugi,Atsuko,Mika,Shiroko(SS),Yuzu(MD),胜利,,,,,0
NoData,2025-01-01,Midori,Momoi,Tsurugi,Yuuka,Shiroko(SS),Mashiro,进攻,Yuuka,Mutsuki(NY),Neru(BY),Marina,Shiroko(SS),Mashiro,胜利,,,,,0
NoData,2025-01-01,Midori,Momoi,Tsurugi,Yuuka,Shiroko(SS),Mashiro,进攻,Yuuka,Mutsuki(NY),Marina,Neru(BY),Shiroko(SS),Mashiro,胜利,,,,,0
NoData,2025-01-01,Tsubaki,Hoshino,Atsuko,Tsurugi,Mashiro(SS),Shiroko(SS),进攻,Yuuka,Atsuko,Mutsuki(NY),Marina,Shiroko(SS),Yuzu(MD),胜利,,,,,0
NoData,2025-01-01,Marina,Iori,Tsubaki,Tsurugi,Mashiro,Ayane(SS),进攻,Marina,Atsuko,Yuuka,Mutsuki(NY),Mashiro,Ayane(SS),胜利,,,,,0
NoData,2025-01-01,Mutsuki(NY),Marina,Yuuka,Hanako(SS),Mashiro,Shiroko(SS),进攻,Yuuka,Mika,Tsubaki,Shun,Shiroko(SS),Nagisa,胜利,,,,,0
NoData,2025-01-01,Atsuko,Tsubaki,Yuuka,Iori,Ayane(SS),Serina,进攻,Yuuka,Megu,Tsurugi,Mutsuki(NY),Yuzu(MD),Mashiro,胜利,,,,,0
NoData,2025-01-01,Atsuko,Tsubaki,Yuuka,Iori,Ayane(SS),Serina,进攻,Yuuka,Megu,Tsurugi,Mutsuki(NY),Yuzu(MD),Mashiro,胜利,,,,,0
NoData,2025-01-01,Yuuka,Tsubaki,Atsuko,Marina,Iroha,Mashiro,进攻,Megu,Marina,Tsurugi,Yuuka,Nagisa,Ayane(SS),胜利,,,,,0
NoData,2025-01-01,Yuuka,Atsuko,Tsurugi,Megu,Yuzu(MD),Mashiro(SS),进攻,Yuuka,Marina,Shun,Atsuko,Mashiro(SS),Yuzu(MD),胜利,,,,,0
NoData,2025-01-01,Yuuka,Atsuko,Tsurugi,Megu,Yuzu(MD),Mashiro(SS),进攻,Yuuka,Tsubaki,Mutsuki(NY),Shun,Yuzu(MD),Ayane(SS),胜利,,,,,0
NoData,2025-01-01,Haruna(NY),Atsuko,Tsurugi,Marina,Shiroko(SS),Ayane(SS),进攻,Mika,Atsuko,Tsurugi,Yuuka,Shiroko(SS),Nagisa,胜利,,,,,0
NoData,2025-01-01,Atsuko,Yuuka,Tsurugi,Iori,Shiroko(SS),Ayane(SS),进攻,Yuuka,Tsurugi,Atsuko,Mutsuki(NY),Shiroko(SS),Yuzu(MD),胜利,,,,,0
NoData,2025-01-01,Hoshino,Atsuko,Tsurugi,Yuuka,Yuzu(MD),Mashiro,进攻,Yuuka,Tsurugi,Marina,Mutsuki(NY),Yuzu(MD),Mashiro(SS),胜利,,,,,0
NoData,2025-01-01,Mika,Atsuko,Shun,Yuuka,Mashiro,Ayane(SS),进攻,Yuuka,Tsurugi,Marina,Mutsuki(NY),Yuzu(MD),Mashiro,胜利,,,,,0
NoData,2025-01-01,Marina,Atsuko,Tsurugi,Yuuka,Mashiro,Mashiro(SS),进攻,Yuuka,Tsurugi,Marina,Mutsuki(NY),Yuzu(MD),Ayane(SS),胜利,,,,,0
NoData,2025-01-01,Tsubaki,Yuuka,Tsurugi,Mikoto,Shiroko(SS),Mashiro,进攻,Yuuka,Tsurugi,Shiroko(SS),Marina,Yuzu(MD),Shiroko(SS),胜利,,,,,0
NoData,2025-01-01,Hoshino,Mika,Tsubaki,Mutsuki(NY),Mashiro,Yuzu(MD),进攻,Yuuka,Tsurugi,Mutsuki(NY),Marina,Mashiro,Yuzu(MD),胜利,,,,,0
NoData,2025-01-01,Koharu,Atsuko,Tsurugi,Yuuka,Yuzu(MD),Shiroko(SS),进攻,Yuuka,Tsurugi,Mutsuki(NY),Marina,Yuzu(MD),Shiroko(SS),胜利,,,,,0
NoData,2025-01-01,Shun,Hoshino,Tsurugi,Atsuko,Shiroko(SS),Ayane(SS),进攻,Atsuko,Yuuka,Tsurugi,Hanako(SS),Shiroko(SS),Yuzu(MD),胜利,,,,,0
NoData,2025-01-01,Shun,Miyako(SS),Iori,Tsurugi,Mari,Shiroko(SS),进攻,Tsurugi,Yuuka,Atsuko,Hanako(SS),Shiroko(SS),Yuzu(MD),胜利,,,,,0
NoData,2025-01-01,Yuzu,Shun,Atsuko,Tsurugi,Shiroko(SS),Yuzu(MD),进攻,Yuuka,Tsurugi,Marina,Hanako(SS),Yuzu(MD),Shiroko(SS),胜利,,,,,0
NoData,2025-01-01,Yuuka,Hoshino,Tsurugi,Marina,Mashiro,Shiroko(SS),进攻,Yuuka,Tsurugi,Marina,Hanako(SS),Yuzu(MD),Shiroko(SS),胜利,,,,,0
NoData,2025-01-01,Tsubaki,Hoshino,Yuuka,Shun,Shiroko(SS),Minori,进攻,Tsurugi,Yuuka,Hanako(SS),Shun,Shiroko(SS),Yuzu(MD),胜利,,,,,0
NoData,2025-01-01,Atsuko,Marina,Yuzu(MD),Tsubaki,Minori,Yuzu(MD),进攻,Yuuka,Tsurugi,Hanako(SS),Marina,Shiroko(SS),Minori,胜利,,,,,0
NoData,2025-01-01,Tsurugi,Atsuko,Yuuka,Midori,Shiroko(SS),Mashiro,进攻,Atsuko,Hanako(SS),Marina,Tsurugi,Yuzu(MD),Shiroko(SS),胜利,,,,,0
NoData,2025-01-01,Shun,Yuuka,Midori,Momoi,Shiroko(SS),Mashiro,进攻,Yuuka,Tsurugi,Marina,Mutsuki(NY),Yuzu(MD),Shiroko(SS),胜利,,,,,0
NoData,2025-01-01,Yuuka,Mutsuki(NY),Tsurugi,Shun,Nagisa,Yuzu(MD),进攻,Yuuka,Shun,Haruna(NY),Marina,Iroha,Mashiro(SS),胜利,,,,,0
NoData,2025-01-01,Marina,Tsurugi,Mutsuki(NY),Yuuka,Ayane(SS),Mashiro,进攻,Yuuka,Mutsuki(NY),Shun,Marina,Yuzu(MD),Ayane(SS),胜利,,,,,0
NoData,2025-01-01,Mika,Tsurugi,Atsuko,Tsubaki,Mashiro,Yuzu(MD),进攻,Yuuka,Mutsuki(NY),Shun,Marina,Ayane(SS),Mashiro,胜利,,,,,0
NoData,2025-01-01,Hoshino,Mutsuki(NY),Yuuka,Atsuko,Mashiro,Shiroko(SS),进攻,Yuuka,Mutsuki(NY),Shun,Marina,Yuzu(MD),Shiroko(SS),胜利,,,,,0
NoData,2025-01-01,Iori(SS),Atsuko,Yuuka,Tsurugi,Mashiro,Yuzu(MD),进攻,Yuuka,Shun,Marina,Mutsuki(NY),Mashiro,Ayane(SS),胜利,,,,,0
NoData,2025-01-01,Mika,Tsurugi,Marina,Yuuka,Yuzu(MD),Mashiro,进攻,Yuuka,Shun,Mutsuki(NY),Marina,Ayane(SS),Mashiro(SS),胜利,,,,,0
NoData,2025-01-01,Yuuka,Miyako(SS),Atsuko,Tsurugi,Mashiro,Shiroko(SS),进攻,Yuuka,Shun,Hanako(SS),Marina,Yuzu(MD),Shiroko(SS),胜利,,,,,0
